id,first_name,last_name,country
18,Richard,Drinan,United Kingdom
32,Wallis,Bamford,United Kingdom
33,Saundra,Westall,United Kingdom
34,Ewart,Rosengren,United Kingdom
36,Daniel,Buckthorp,Netherlands
62,Boyd,Barham,Netherlands
67,Lorry,Beavors,United Kingdom
70,Freedman,Dresse,United Kingdom
91,Audy,Eplate,United Kingdom
105,Lacie,Infante,Netherlands
108,Rhianna,Partkya,Netherlands
109,Marnia,Dory,Netherlands
110,Rhody,Swindle,Netherlands
124,Wyn,Darco,Netherlands
128,Vito,Napthine,Netherlands
165,Hilda,Heinecke,Netherlands
177,Alfredo,Wissbey,United Kingdom
189,Eduard,Tsar,Netherlands
194,Irena,Greated,Netherlands
197,Penrod,Volette,United Kingdom
199,Ermanno,Surcombe,United Kingdom
239,Hollyanne,Golley,Netherlands
248,Mattie,Brewer,Netherlands
255,Janie,Knowler,Netherlands
293,Lia,Ropartz,Netherlands
294,Lindie,MacAskie,United Kingdom
296,Hermia,Mc Pake,Netherlands
299,Ced,Antunez,Netherlands
326,Carlye,Alred,Netherlands
329,Morna,Nurny,United Kingdom
345,Thedric,Costen,United Kingdom
354,Willow,Ochterlonie,Netherlands
360,Blair,De Beauchemp,Netherlands
367,Marlow,Maghull,Netherlands
379,Thurston,Jahnel,Netherlands
390,Latashia,Blyde,United Kingdom
406,Jeffy,Whitbread,Netherlands
414,Jessalin,Gammons,United Kingdom
436,Pamella,O'Mannion,Netherlands
450,Arte,Warrington,Netherlands
462,Neddie,FitzAlan,Netherlands
467,Adelaida,Anderer,Netherlands
482,Vevay,Claris,United Kingdom
486,Hamish,Pech,Netherlands
508,Cecilio,Saltsberger,United Kingdom
513,Fielding,Ciccerale,Netherlands
514,Margalit,Elie,Netherlands
529,Chucho,Hardiker,Netherlands
548,Lissy,Featherstonehaugh,United Kingdom
577,Carolee,Colquete,Netherlands
582,Loralyn,Sneezum,United Kingdom
601,Poul,Kyncl,United Kingdom
605,Kearney,Cahen,Netherlands
616,Daveen,Gwilt,Netherlands
621,Malissia,Hains,Netherlands
627,Emmaline,Daens,United Kingdom
628,Claudia,Casseldine,Netherlands
643,Pauly,English,Netherlands
656,Giralda,Shird,Netherlands
665,Rosaleen,Klamp,United Kingdom
691,Bobbie,Kidstoun,Netherlands
701,Noak,Whitters,Netherlands
706,Silvie,Waddilove,United Kingdom
711,Charyl,Guesford,Netherlands
726,Shena,Barltrop,Netherlands
733,Findlay,D'Aulby,United Kingdom
749,Myrle,Belleny,Netherlands
751,Cindee,Alliband,Netherlands
755,Katharina,Ranger,Netherlands
760,Steffi,Batham,Netherlands
766,Aurilia,Faulkes,United Kingdom
774,Persis,Arrighetti,Netherlands
781,Dulcea,Illingsworth,United Kingdom
785,Menard,de Najera,Netherlands
788,Corliss,Bickell,United Kingdom
798,Judah,Hugnin,Netherlands
803,Reinaldos,Dodd,United Kingdom
812,Parsifal,Shorten,Netherlands
837,Yulma,Downing,Netherlands
845,Obie,Mockett,Netherlands
848,Randi,Lampe,United Kingdom
862,Pearline,Mazella,Netherlands
864,Leonore,Lamartine,United Kingdom
873,Lennie,McGillivrie,Netherlands
881,Phaidra,Fenech,Netherlands
894,Marys,Ciccone,Netherlands
910,Gunther,Tremeer,United Kingdom
914,Quintus,Wellesley,Netherlands
924,Justin,Bootland,United Kingdom
928,Cletis,Mulvany,United Kingdom
942,Dulcine,Crepin,Netherlands
947,Jordon,Munt,United Kingdom
952,Cale,Gomer,United Kingdom
954,Roanna,Izkovitz,Netherlands
964,Akim,Tart,Netherlands
966,Lesly,MacAllester,United Kingdom
972,Arnoldo,Bamb,United Kingdom
981,Griffin,Schurcke,Netherlands
984,Bordy,Todeo,Netherlands
996,Colly,Bossons,United Kingdom
